appid,name
383870,Firewatch
6000,STAR WARS Republic Commando
1238860,Battlefield 4
1619450,Heart of a Warrior
728880,Overcooked! 2
291650,Pillars of Eternity
680420,OUTRIDERS
1029690,Sniper Elite 5
418240,Shadow Tactics: Blades of the Shogun
883710,Resident Evil 2
237930,Transistor
417910,Street Warriors Online
22330,The Elder Scrolls IV: Oblivion Game of the Year Edition (2009)
1755910,Capcom Arcade 2nd Stadium
1676130,Deadlink
1987080,Inside the Backrooms
962130,Grounded
350640,Sherlock Holmes: The Devil's Daughter
243470,Watch_Dogs
312990,The Expendabros
7940,Call of Duty 4: Modern Warfare (2007)
1049590,Eternal Return
355180,Codename CURE
200260,Batman: Arkham City - Game of the Year Edition
374320,DARK SOULS III
2001120,Split Fiction
218230,PlanetSide 2
640590,The LEGO NINJAGO Movie Video Game
529340,Victoria 3
1129580,Medieval Dynasty
287700,METAL GEAR SOLID V: THE PHANTOM PAIN
244210,Assetto Corsa
750920,Shadow of the Tomb Raider: Definitive Edition
674020,World War 3
202990,Call of Duty: Black Ops II
1237970,Titanfall 2
324800,Shadow Warrior 2
300,Day of Defeat: Source
245620,Tropico 5
1240440,Halo Infinite
245170,Skullgirls 2nd Encore
526870,Satisfactory
1259420,Days Gone
1266680,Strobophagia | Rave Horror
48000,LIMBO
24240,PAYDAY The Heist
775500,SCARLET NEXUS
342200,MechWarrior Online Solaris 7
1468810,鬼谷八荒 Tale of Immortal
378540,The Surge
703080,Planet Zoo
220440,DmC: Devil May Cry
1145350,Hades II
39120,RIFT
1085660,Destiny 2
1491000,War Robots: Frontiers
368500,Assassin's Creed Syndicate
304930,Unturned
380600,Fishing Planet
311860,Data Hacker: Initiation
701160,Kingdom Two Crowns
252950,Rocket League
495420,State of Decay 2: Juggernaut Edition
440900,Conan Exiles
8980,Borderlands Game of the Year
509980,BIGFOOT
2551020,One-armed robber
510840,Evolvation
322330,Don't Starve Together
323580,Jotun: Valhalla Edition
224260,No More Room in Hell
407530,ARK: Survival Of The Fittest
975370,Dwarf Fortress
961200,Predecessor
12120,Grand Theft Auto: San Andreas
270880,American Truck Simulator
67370,The Darkness II
990080,Hogwarts Legacy
409720,BioShock 2 Remastered
1366540,Dyson Sphere Program
17330,Crysis Warhead
755790,Ring of Elysium
1817070,Marvel’s Spider-Man Remastered
400,Portal
418460,Rising Storm 2: Vietnam
9900,Star Trek Online
972660,Spiritfarer: Farewell Edition
621060,PC Building Simulator
280790,Creativerse
9480,Saints Row 2
391720,Layers of Fear (2016)
1361210,"Warhammer 40,000: Darktide"
1399780,Spellbreak
113400,APB Reloaded
1515950,Capcom Arcade Stadium
221040,Resident Evil 6
2622000,Astral Party 
304050,Trove
10,Counter-Strike
1522820,Orcs Must Die! 3
638970,Yakuza 0
387990,Scrap Mechanic
202750,Alan Wake's American Nightmare
212680,FTL: Faster Than Light
302510,Ryse: Son of Rome
511470,Glass Masquerade
1128810,RISK: Global Domination
239350,Spelunky
268910,Cuphead
250400,How to Survive
393380,Squad
41500,Torchlight
1147550,Not For Broadcast
1840,Source Filmmaker
261550,Mount & Blade II: Bannerlord
1304930,The Outlast Trials
109600,Neverwinter
450390,The Lab
110800,L.A. Noire
674940,Stick Fight: The Game
805550,Assetto Corsa Competizione
524220,NieR:Automata
304240,Resident Evil
355840,Survarium
252130,Divide By Sheep
268420,Aura Kingdom
1790600,DRAGON BALL: Sparking! ZERO
1167630,Teardown
2012510,Stormgate
32470,STAR WARS Empire at War - Gold Pack
606150,Moonlighter
414700,Outlast 2
1172380,STAR WARS Jedi: Fallen Order
1044720,Farthest Frontier
40800,Super Meat Boy
108600,Project Zomboid
40,Deathmatch Classic
2630,Call of Duty 2
252490,Rust
477160,Human Fall Flat
49520,Borderlands 2
1250,Killing Floor
1058020,"STAR WARS Battlefront (Classic, 2004)"
356190,Middle-earth: Shadow of War
41000,Serious Sam HD: The First Encounter
1850570,DEATH STRANDING DIRECTOR'S CUT
225080,Brothers - A Tale of Two Sons
39210,FINAL FANTASY XIV Online
942970,Unheard - Voices of Crime
506540,Last Man Standing
1057240,Crucible Beta
671860,BattleBit Remastered
253960,Jack Orlando: Director's Cut
629520,Soundpad
816020,JUMP FORCE
203290,America's Army: Proving Grounds
201270,Total War: SHOGUN 2
627690,Idle Champions of the Forgotten Realms
648800,Raft
2231450,Pizza Tower
65930,The Bureau: XCOM Declassified
392110,ENDLESS Space 2
493520,GTFO
546560,Half-Life: Alyx
1178830,Bright Memory: Infinite
208140,ENDLESS Space - Definitive Edition
208650,Batman: Arkham Knight
322500,SUPERHOT
220200,Kerbal Space Program
389730,TEKKEN 7
1363080,Manor Lords
2622380,ELDEN RING NIGHTREIGN
367520,Hollow Knight
431730,Aseprite
414340,Hellblade: Senua's Sacrifice
289650,Assassin's Creed Unity
395170,DISTRAINT: Deluxe Edition
311690,Enter the Gungeon
834910,ATLAS
872790,Football Manager 2019
774171,Muse Dash
57690,Tropico 4
224600,Defiance
632470,Disco Elysium - The Final Cut
65790,ARMA: Cold War Assault
219640,Chivalry: Medieval Warfare
418370,Resident Evil 7 Biohazard
4560,Company of Heroes - Legacy Edition
699130,World War Z
235600,Tom Clancy’s Splinter Cell Blacklist
1307550,Craftopia
34440,Sid Meier's Civilization IV
32370,STAR WARS Knights of the Old Republic
555570,Infestation: The New Z
208090,Loadout
581320,Insurgency: Sandstorm
232090,Killing Floor 2
3240220,Grand Theft Auto V Enhanced
314160,Microsoft Flight Simulator X: Steam Edition
594650,Hunt: Showdown 1896
242760,The Forest
50300,Spec Ops: The Line
12110,Grand Theft Auto: Vice City
204450,Call of Juarez: Gunslinger
443110,Armored Warfare
2215430,Ghost of Tsushima DIRECTOR'S CUT
976730,Halo: The Master Chief Collection
209170,Call of Duty: Ghosts
279720,The I of the Dragon
1778820,TEKKEN 8
3164500,Schedule I
1794680,Vampire Survivors
447820,Day of Infamy
23310,The Last Remnant
633230,NARUTO TO BORUTO: SHINOBI STRIKER
285900,Gang Beasts
386940,Ultimate Chicken Horse
323190,Frostpunk
603850,Age of History II
629730,Blade and Sorcery
1903340,Clair Obscur: Expedition 33
3146520,WEBFISHING
265550,Dead Rising 3 Apocalypse Edition
1203220,NARAKA: BLADEPOINT
56437,"Warhammer 40,000: Dawn of War II: Retribution"
578080,PUBG: BATTLEGROUNDS
225260,Brutal Legend
35720,Trine 2: Complete Story
209160,Call of Duty: Ghosts
41070,Serious Sam 3: BFE
99900,Spiral Knights
1328670,Mass Effect Legendary Edition
1217060,Gunfire Reborn
433340,Slime Rancher
291480,Warface: Clutch
238960,Path of Exile
960090,Bloons TD 6
673130,AMID EVIL
766570,Russian Fishing 4
42680,Call of Duty: Modern Warfare 3 (2011)
1623730,Palworld
365590,Tom Clancy’s The Division
12220,Grand Theft Auto: Episodes from Liberty City
251060,Wargame: Red Dragon
244850,Space Engineers
275850,No Man's Sky
282440,Quake Live
433850,Z1 Battle Royale
219990,Grim Dawn
7670,BioShock
107410,Arma 3
261030,The Walking Dead: Season Two
979690,The Ascent
1284190,The Planet Crafter
12100,Grand Theft Auto III
552500,Warhammer: Vermintide 2
242920,Banished
446800,Transport Fever
261110,Killer is Dead - Nightmare Edition
1938090,Call of Duty: Modern Warfare II
1627140,Sabre Team
787860,Farming Simulator 19
1089350,NBA 2K20
202970,Call of Duty: Black Ops II
1454400,Cookie Clicker
297000,Heroes of Might & Magic III - HD Edition
4500,S.T.A.L.K.E.R.: Shadow of Chernobyl
335300,DARK SOULS II: Scholar of the First Sin
424280,Iron Snout
233860,Kenshi
1520470,封灵档案
80,Counter-Strike: Condition Zero
666220,CS2D
1716740,Starfield
1237950,STAR WARS Battlefront II
550,Left 4 Dead 2
868270,The Cycle: Frontier
55150,"Warhammer 40,000: Space Marine - Anniversary Edition"
220,Half-Life 2
1282100,REMNANT II
736590,Operation: Harsh Doorstop
34270,SEGA Mega Drive and Genesis Classics
8190,Just Cause 2
601510,Yu-Gi-Oh! Duel Links
304390,FOR HONOR
24010,Train Simulator Classic
274170,Hotline Miami 2: Wrong Number
1313140,Cult of the Lamb
386180,Crossout
55110,Red Faction: Armageddon
448510,Overcooked
774361,Blasphemous
952060,Resident Evil 3
286570,F1 2015
585690,Minimalism
1092790,Inscryption
568220,Lobotomy Corporation | Monster Management Simulation
47870,Need For Speed: Hot Pursuit
2358720,Black Myth: Wukong
319630,Life is Strange - Episode 1
282140,SOMA
287390,Metro: Last Light Redux
1248130,Farming Simulator 22
648350,Jurassic World Evolution
233720,Surgeon Simulator
460920,Steep
918570,Century: Age of Ashes
238010,Deus Ex: Human Revolution - Director's Cut
4760,Rome: Total War - Collection
640820,Pathfinder: Kingmaker — Enhanced Plus Edition
476480,Heaven Forest - VR MMO
303390,Dead Bits
266840,Age of Mythology: Extended Edition
228280,Baldur's Gate: Enhanced Edition
881100,Noita
238090,Sniper Elite 3
1238840,Battlefield 1
880940,Pummel Party
442080,Riders of Icarus
1868140,DAVE THE DIVER
814380,Sekiro: Shadows Die Twice - GOTY Edition
379720,DOOM
42710,Call of Duty: Black Ops
1611910,"Warhammer 40,000: Chaos Gate - Daemonhunters"
228200,Company of Heroes
544810,KARDS - The WWII Card Game
335240,Transformice
259080,Just Cause 2: Multiplayer Mod
706990,BLOCKPOST
1426210,It Takes Two
391460,WARMODE
10090,Call of Duty: World at War
1262350,SIGNALIS
206440,To the Moon
730,Counter-Strike: Global Offensive
265630,Fistful of Frags
21690,Resident Evil 5
493340,Planet Coaster
364470,The Elder Scrolls: Legends
783770,Ironsight
17390,SPORE
881020,Granblue Fantasy: Relink
620,Portal 2
1172620,Sea of Thieves: 2026 Edition
617290,Remnant: From the Ashes
967050,Pacify
394510,HELLDIVERS Dive Harder Edition
657200,Hand Simulator
377160,Fallout 4
34870,Sniper: Ghost Warrior 2
677620,Splitgate: Arena Warfare
1222140,Detroit: Become Human
2064650,Tower of Fantasy
550650,Black Squad
397540,Borderlands 3
1229490,ULTRAKILL
2379780,Balatro
1372880,The Day Before
214950,Total War: ROME II - Emperor Edition
30,Day of Defeat
471710,Rec Room
2054970,Dragon's Dogma 2
2183900,"Warhammer 40,000: Space Marine 2"
261570,Ori and the Blind Forest
391540,Undertale
413150,Stardew Valley
736220,Squad 44
548430,Deep Rock Galactic
1158310,Crusader Kings III
447020,Farming Simulator 17
439700,Z1 Battle Royale: Test Server
2100,Dark Messiah of Might & Magic
268500,XCOM 2
1551360,Forza Horizon 5
1063730,New World: Aeternum
24980,Mass Effect 2 (2010 Edition)
530700,Argo
251570,7 Days to Die
1113000,Persona 4 Golden
113200,The Binding of Isaac
211820,Starbound
236850,Europa Universalis IV
232050,Eador. Masters of the Broken World
761890,Albion Online
206420,Saints Row IV: Re-Elected
208580,STAR WARS Knights of the Old Republic II - The Sith Lords
310950,Street Fighter V
1046930,Dota Underlords
780310,The Riftbreaker
933110,Age of Empires III: Definitive Edition
420,Half-Life 2: Episode Two
292030,The Witcher 3: Wild Hunt
460790,Bayonetta
203160,Tomb Raider Game of the Year
1637320,Dome Keeper
1966720,Lethal Company
65800,Dungeon Defenders
1272080,PAYDAY 3
690790,DiRT Rally 2.0
544750,SOULCALIBUR VI
359550,Tom Clancy's Rainbow Six Siege
207140,SpeedRunners
485510,Nioh: Complete Edition
280,Half-Life: Source
17470,Dead Space (2008)
492720,Tropico 6
1599600,PlateUp!
361420,ASTRONEER
70,Half-Life
611500,Quake Champions
815370,Green Hell
1296830,暖雪 Warm Snow
1241100,POLYGON: Multiplayer Shooter
613100,House Flipper
65980,Sid Meier's Civilization: Beyond Earth
113420,Fallen Earth Free2Play
10500,Total War: EMPIRE – Definitive Edition
2344520,Diablo IV
302830,BLOCKADE 3D
12200,Bully: Scholarship Edition
2694490,Path of Exile 2
48190,Assassin’s Creed Brotherhood
437900,Party Jousting
47890,The Sims 3
550900,Metin2
233130,Shadow Warrior
1326470,Sons Of The Forest
386360,SMITE
113020,Monaco: What's Yours Is Mine
457140,Oxygen Not Included
552520,Far Cry 5
232770,POSTAL
686810,Hell Let Loose
644930,They Are Billions
1506830,FIFA 22
236390,War Thunder
513710,SCUM
1056960,Wolfenstein: Youngblood
544730,Catan Universe
9010,Return to Castle Wolfenstein
285800,Braveland
35140,Batman: Arkham Asylum Game of the Year Edition
794260,Outward Definitive Edition
845070,The Awesome Adventures of Captain Spirit
2835570,Buckshot Roulette
645630,Car Mechanic Simulator 2018
1030830,Mafia II: Definitive Edition
360,Half-Life Deathmatch: Source
346010,Besiege
412220,DDraceNetwork
368260,Marvel's Midnight Suns
1190000,Car Mechanic Simulator 2021
438740,Friday the 13th: The Game
594570,Total War: WARHAMMER II
2623190,The Elder Scrolls IV: Oblivion Remastered
365450,Hacknet
552100,Brick Rigs
206500,AirMech Strike
213670,South Park: The Stick of Truth
391220,Rise of the Tomb Raider
100,Counter-Strike: Condition Zero
2050650,Resident Evil 4
3132990,Black Myth: Wukong Benchmark Tool
215280,Secret World Legends
265930,Goat Simulator
489830,The Elder Scrolls V: Skyrim Special Edition
466240,Deceit
646910,The Crew 2
502500,ACE COMBAT 7: SKIES UNKNOWN
641990,The Escapists 2
34330,Total War: SHOGUN 2
2186680,"Warhammer 40,000: Rogue Trader"
237110,Mortal Kombat Komplete Edition
289070,Sid Meier’s Civilization VI
447040,Watch_Dogs 2
1774580,STAR WARS Jedi: Survivor
410320,EARTH DEFENSE FORCE 4.1 The Shadow of New Despair
560130,Pillars of Eternity II: Deadfire
900883,The Elder Scrolls IV: Oblivion Game of the Year Edition Deluxe (2009)
993090,Lossless Scaling
234650,Shadowrun Returns
3241660,R.E.P.O.
1599340,Lost Ark
1943950,Escape the Backrooms
212070,Star Conflict
1097150,Fall Guys: Ultimate Knockout
945360,Among Us
207610,The Walking Dead
588650,Dead Cells
319510,Five Nights at Freddy's
4700,Total War: MEDIEVAL II – Definitive Edition
1277400,Monster Hunter Stories 2: Wings of Ruin
637090,BATTLETECH
204360,Castle Crashers
305620,The Long Dark
233450,Prison Architect
105450,Age of Empires III (2007)
629760,MORDHAU
334230,Town of Salem
337320,Paint the Town Red
1533390,Gorilla Tag
779340,Total War: THREE KINGDOMS
588430,Fallout Shelter
1016920,Unrailed!
47790,Medal of Honor
360430,Mafia III: Definitive Edition
1262580,Need for Speed Payback
240720,Getting Over It with Bennett Foddy
673950,Farm Together
459820,Crush Crush
504370,Battlerite
35700,Trine Enchanted Edition
1771300,Kingdom Come: Deliverance II
230410,Warframe
1057090,Ori and the Will of the Wisps
704850,Thief Simulator
225540,Just Cause 3
782330,DOOM Eternal
26800,Braid
4000,Garry's Mod
50130,Mafia II (Classic)
924970,Back 4 Blood
20570,"Warhammer 40,000: Dawn of War II Chaos Rising"
209080,Guns of Icarus Online
436150,Governor of Poker 3
504230,Celeste
10680,Aliens vs. Predator
518790,theHunter: Call of the Wild
613010,Secret in Story
1238810,Battlefield V
63380,Sniper Elite V2
1222670,The Sims 4
436520,Line of Sight
8500,EVE Online
215080,WAKFU
33230,Assassin's Creed 2
1286830,STAR WARS: The Old Republic
1665460,eFootball
40990,Mafia
11020,TrackMania Nations Forever
435150,Divinity: Original Sin 2 - Definitive Edition
212500,The Lord of the Rings Online
281990,Stellaris
42700,Call of Duty: Black Ops
264710,Subnautica
681660,Bless Online
254700,Resident Evil 4 (2005)
17080,Tribes: Ascend
15620,"Warhammer 40,000: Dawn of War II - Anniversary Edition (Classic)"
22380,Fallout: New Vegas
278360,A Story About My Uncle
24960,Battlefield: Bad Company 2
364360,Total War: WARHAMMER
1174180,Red Dead Redemption 2
383150,Dead Island Definitive Edition
955050,Bright Memory
976310,Mortal Kombat 11
3590,Plants vs. Zombies GOTY Edition
892970,Valheim
96000,The Tiny Bang Story
273110,Counter-Strike Nexon: Studio
1150690,OMORI
6880,Just Cause
232890,Stronghold Crusader 2
1196590,Resident Evil Village
316010,Magic Duels
1286680,Tiny Tina's Wonderlands
203770,Crusader Kings II
307780,Mortal Kombat X
2552430,KINGDOM HEARTS -HD 1.5+2.5 ReMIX-
273350,Evolve Stage 2
333930,Dirty Bomb
4920,Natural Selection 2
320,Half-Life 2: Deathmatch
409710,BioShock Remastered
475550,Beholder
1818750,MultiVersus
248570,Toribash
905370,Conqueror's Blade
858820,Tribes of Midgard
211500,RaceRoom Racing Experience
431960,Wallpaper Engine
214560,Mark of the Ninja
130,Half-Life: Blue Shift
1147560,Skul: The Hero Slayer
235460,METAL GEAR RISING: REVENGEANCE
1284210,Guild Wars 2
630100,SoulWorker - Anime Action MMO
381210,Dead by Daylight
380,Half-Life 2: Episode One
1222680,Need for Speed Heat
487220,Freebie
349700,Romero's Aftermath
1313860,EA SPORTS FIFA 21
899440,GOD EATER 3
365670,Blender
760160,Vampire: The Masquerade - Bloodhunt
1824220,Chivalry 2
637650,FINAL FANTASY XV WINDOWS EDITION
102600,Orcs Must Die!
105600,Terraria
250900,The Binding of Isaac: Rebirth
20900,The Witcher: Enhanced Edition Director's Cut
20920,The Witcher 2: Assassins of Kings Enhanced Edition
476600,Call of Duty: WWII
377300,Thunder Tier One
1604030,V Rising
284160,BeamNG.drive
554620,Life is Strange: Before the Storm
312530,Duck Game
223710,Cry of Fear
298110,Far Cry 4
424370,Wolcen: Lords of Mayhem
269210,Hero Siege
582160,Assassin's Creed Origins
246620,Plague Inc: Evolved
920210,LEGO Star Wars: The Skywalker Saga
470220,UNO
1515210,The Past Within
227300,Euro Truck Simulator 2
253900,Knights and Merchants
1145360,Hades
292910,Deponia: The Complete Journey
1118200,People Playground
1245620,ELDEN RING
1845910,Dragon Age: The Veilguard
444090,Paladins
299460,Woodle Tree Adventures
224540,Ace of Spades: Battle Builder
308040,Back to Bed
996580,Spyro Reignited Trilogy
220240,Far Cry 3
234140,Mad Max
228380,Wreckfest
39140,FINAL FANTASY VII
223750,DCS World Steam Edition
552990,World of Warships
108800,Crysis 2 - Maximum Edition
1274570,DEVOUR
278080,DYNASTY WARRIORS 8: Xtreme Legends Complete Edition
17410,Mirror's Edge
812140,Assassin's Creed Odyssey
1091500,Cyberpunk 2077
323850,Move or Die
299360,Block N Load
431240,Golf With Your Friends
823500,BONEWORKS
270150,RUNNING WITH RIFLES
636480,Ravenfield
206480,Dungeons & Dragons Online
294100,RimWorld
1282730,Loop Hero
224760,FEZ
949230,Cities: Skylines II
204340,Serious Sam II
4570,"Warhammer 40,000: Dawn of War - Anniversary Edition (Classic)"
307690,Sleeping Dogs: Definitive Edition
841370,NBA 2K19
813820,Realm Royale
32430,STAR WARS - The Force Unleashed Ultimate Sith Edition
601150,Devil May Cry 5
837470,Untitled Goose Game
374040,Portal Knights
2280,DOOM + DOOM II
301520,Robocraft
1593500,God of War
341800,Keep Talking and Nobody Explodes
394360,Hearts of Iron IV
2399830,ARK: Survival Ascended
13520,Far Cry
34030,Total War: NAPOLEON – Definitive Edition
389570,Mitos.is: The Game
692850,Bloodstained: Ritual of the Night
274940,Depth
370910,Kathy Rain
227940,Heroes & Generals
844870,KurtzPel
38400,Fallout: A Post Nuclear Role Playing Game
34460,Civilization IV: Beyond the Sword
346900,AdVenture Capitalist
1404210,Red Dead Online
921630,音灵 INVAXION
491950,Orwell: Keeping an Eye On You
271590,Grand Theft Auto V Legacy
1089980,The Henry Stickmin Collection
340,Half-Life 2: Lost Coast
221910,The Stanley Parable
439190,Stories: The Path of Destinies
57300,Amnesia: The Dark Descent
200710,Torchlight II
312520,Rain World
460950,Katana ZERO
1659040,HITMAN World of Assassination
612880,Wolfenstein II: The New Colossus
1380400,Saving Grace
1366800,Crosshair X
893520,Creative Destruction
1832640,Mirror 2: Project X
372000,Tree of Savior (English Ver.)
1782210,Crab Game
19900,Far Cry 2
3070070,TCG Card Shop Simulator
346330,BrainBread 2
343710,Kholat
1475810,Ghostwire: Tokyo
108710,Alan Wake
253710,theHunter Classic
363970,Clicker Heroes
417860,Emily is Away
444640,Bloons TD Battles
1343370,Old School RuneScape
1557740,ROUNDS
219740,Don't Starve
2670630,Supermarket Simulator
359320,Elite Dangerous
397900,Business Tour - Board Game with Online Multiplayer
311210,Call of Duty: Black Ops III
17300,Crysis
1343400,RuneScape 
242050,Assassin’s Creed IV Black Flag
6910,Deus Ex: Game of the Year Edition
863550,HITMAN 2
738060,Freddy Fazbear's Pizzeria Simulator
871720,Ultimate Custom Night
236870,HITMAN
1056640,Phantasy Star Online 2
2881650,Content Warning
1677740,Stumble Guys
2669320,EA SPORTS FC 25
1222700,A Way Out
351940,The Descendant
239030,"Papers, Please"
843380,Super Animal Royale
1061910,Metal: Hellsinger
1388770,Cruelty Squad
216150,MapleStory
427270,Orcs Must Die! Unchained
10180,Call of Duty: Modern Warfare 2 (2009)
1687950,Persona 5 Royal
238460,BattleBlock Theater
287290,Resident Evil Revelations 2
9340,Company of Heroes: Opposing Fronts
537180,Digimon Masters Online
1929610,Demonologist
1332010,Stray
977950,A Dance of Fire and Ice
2096610,Crysis 3 Remastered
47810,Dragon Age: Origins - Ultimate Edition
323470,DRAGON BALL XENOVERSE
1211020,Wobbly Life
788100,Neon Abyss
601430,The Evil Within 2
851850,DRAGON BALL Z: KAKAROT
282070,This War of Mine
2680010,The First Berserker: Khazan
1408720,Krunker
304430,INSIDE
1621690,Core Keeper
570940,DARK SOULS: REMASTERED
201810,Wolfenstein: The New Order
767560,War Robots
239820,Game Dev Tycoon
55230,Saints Row: The Third
1151640,Horizon Zero Dawn Complete Edition
1139900,Ghostrunner
2322010,God of War Ragnarök
1151340,Fallout 76
249130,LEGO Marvel Super Heroes
583950,Artifact
262060,Darkest Dungeon
1225330,NBA 2K21
39500,Gothic 3
219150,Hotline Miami
488790,South Park: The Fractured But Whole
387290,Ori and the Blind Forest: Definitive Edition
1562430,DREDGE
2420510,HoloCure - Save the Fans!
379430,Kingdom Come: Deliverance
286160,Tabletop Simulator
870780,CONTROL Ultimate Edition
678960,CODE VEIN
212160,Vindictus
274190,Broforce
262410,World of Guns: Gun Disassembly
838350,The Scroll Of Taiwu
286690,Metro 2033 Redux
231060,Ragnarok Online 2
2310,Quake
209000,Batman: Arkham Origins
460930,Tom Clancy's Ghost Recon Wildlands
1904540,Football Manager 2023
238370,Magicka 2
434650,Lost Castle / 失落城堡
257510,The Talos Principle
6850,Hitman 2: Silent Assassin
204300,Awesomenauts
32800,Lord of the Rings: War in the North
454650,DRAGON BALL XENOVERSE 2
268050,The Evil Within
311340,METAL GEAR SOLID V: GROUND ZEROES
1643320,S.T.A.L.K.E.R. 2: Heart of Chornobyl
747660,Five Nights at Freddy's: Security Breach
527230,For The King
292730,Call of Duty: Infinite Warfare
255710,Cities: Skylines
115300,Call of Duty: Modern Warfare 3 (2011)
1213210,Command & Conquer Remastered Collection
427520,Factorio
312660,Sniper Elite 4
899770,Last Epoch
210770,Sanctum 2
500,Left 4 Dead
453480,Shadowverse CCG
3910,Sid Meier's Civilization III Complete
8850,BioShock 2
535930,Two Point Hospital
462780,Darksiders Warmastered Edition
638070,Murderous Pursuits
221100,DayZ
349040,NARUTO SHIPPUDEN: Ultimate Ninja STORM 4
6060,"STAR WARS Battlefront II (Classic, 2005)"
2527500,MiSide
337000,Deus Ex: Mankind Divided
939960,Far Cry New Dawn
1569040,Football Manager 2022
265590,The Red Solstice
392160,X4: Foundations
241930,Middle-earth: Shadow of Mordor
362890,Black Mesa
253980,Enclave
203140,Hitman: Absolution
247080,Crypt of the NecroDancer
332070,School of Dragons
1144200,Ready or Not
440,Team Fortress 2
47830,Medal of Honor
6860,Hitman: Blood Money
474960,Quantum Break
744900,Dead Frontier 2
1049410,Superliminal
464920,Surviving Mars
582500,We Were Here
1476970,Legends of IdleOn - Idle MMO
632360,Risk of Rain 2
1238820,Battlefield 3
519860,DUSK
50620,Darksiders
204880,Sins of a Solar Empire: Rebellion
1466860,Age of Empires IV: Anniversary Edition
739630,Phasmophobia
218620,PAYDAY 2
1483870,Draw & Guess
753640,Outer Wilds
10190,Call of Duty: Modern Warfare 2 (2009)
2195250,EA SPORTS FC 24
346110,ARK: Survival Evolved
240320,Panzar
1721470,Poppy Playtime
55100,Homefront
752590,A Plague Tale: Innocence
368230,Kingdom: Classic
1203620,Enshrouded
367500,Dragon's Dogma: Dark Arisen
1290000,PowerWash Simulator
214490,Alien: Isolation
1371980,No Rest for the Wicked
1888160,ARMORED CORE VI FIRES OF RUBICON
306130,The Elder Scrolls Online
444200,World of Tanks Blitz
107100,Bastion
289130,ENDLESS Legend
700330,SCP: Secret Laboratory
246900,Viscera Cleanup Detail
236110,Dungeon Defenders II
527430,"Warhammer 40,000: Inquisitor - Martyr"
1030840,Mafia: Definitive Edition
240,Counter-Strike: Source
96100,Defy Gravity Extended
553850,HELLDIVERS 2
1293830,Forza Horizon 4
438100,VRChat
1263850,Football Manager 2021
3097560,Liar's Bar
698780,Doki Doki Literature Club!
1384160,GUILTY GEAR -STRIVE-
12210,Grand Theft Auto IV: The Complete Edition
809960,Radical Heights
582010,Monster Hunter: World
675010,MudRunner
200510,XCOM: Enemy Unknown
202170,Sleeping Dogs
327690,Gigantic
287450,Rise of Nations: Extended Edition
884660,CRSED: F.O.A.D.
242860,Verdun
813780,Age of Empires II: Definitive Edition
22320,The Elder Scrolls III: Morrowind Game of the Year Edition
201790,Orcs Must Die! 2
1250410,Microsoft Flight Simulator (2020) 40th Anniversary Edition
668580,Atomic Heart
599140,Graveyard Keeper
17460,Mass Effect (2007)
1260320,Party Animals
424840,Little Nightmares
231430,Company of Heroes 2
325610,Total War: ATTILA
704270,Generation Zero
1942280,Brotato
239160,Thief
740130,Tales of ARISE
1089090,ONE PIECE: PIRATE WARRIORS 4
438040,Shakes and Fidget
322170,Geometry Dash
823130,Totally Accurate Battlegrounds
2567870,Chained Together
1172470,Apex Legends
257350,Baldur's Gate II: Enhanced Edition
1017180,The Long Drive
360970,Heaven Forest NIGHTS
1116170,CyberCorp
223470,POSTAL 2
901583,Grand Theft Auto IV: Complete Edition
24200,DC Universe Online
50,Half-Life: Opposing Force
475150,Titan Quest Anniversary Edition
242720,GunZ 2: The Second Duel
2479810,Gray Zone Warfare
532210,Life is Strange 2
33900,Arma 2
585420,Trailmakers
204100,Max Payne 3
1289310,Helltaker
304670,Aeon Command
508440,Totally Accurate Battle Simulator
2246340,Monster Hunter Wilds
1142710,Total War: WARHAMMER III
602960,Barotrauma
412020,Metro Exodus
620980,Beat Saber
646570,Slay the Spire
334210,Fortified
226840,Age of Wonders III
389430,Knight Online
373420,Divinity: Original Sin - Enhanced Edition
635260,CarX Drift Racing Online
17480,Command & Conquer: Red Alert 3
388410,Darksiders II Deathinitive Edition
2322560,Love Is All Around
42910,Magicka
1184370,Pathfinder: Wrath of the Righteous - Enhanced Edition
263500,Dragons and Titans
22370,Fallout 3: Game of the Year Edition
319830,AX:EL - Air XenoDawn
1100600,Football Manager 2020
15100,Assassin's Creed: Director's Cut Edition
569480,Kingdoms and Castles
286940,S.K.I.L.L. - Special Force 2 (Shooter)
606280,Darksiders III
310560,DiRT Rally
1517290,Battlefield 2042
848450,Subnautica: Below Zero
482730,Football Manager 2017
102500,Kingdoms of Amalur: Reckoning
285190,"Warhammer 40,000: Dawn of War III"
630,Alien Swarm
291550,Brawlhalla
261640,Borderlands: The Pre-Sequel
222880,Insurgency
221380,Age of Empires II (Retired)
205100,Dishonored
1094520,Sands of Salzaar
534380,Dying Light 2 Stay Human: Reloaded Edition
238320,Outlast
1284410,GWENT: The Witcher Card Game
8870,BioShock Infinite
644560,Mirror
403640,Dishonored 2
214420,Gear Up
2709570,Supermarket Together
683320,GRIS
582660,Black Desert
1536610,OpenTTD
418070,Turbo Pug
1811260,EA SPORTS FIFA 23
678950,DRAGON BALL FighterZ
8930,Sid Meier's Civilization V
1254120,Bless Unleashed
35450,Red Orchestra 2: Heroes of Stalingrad with Rising Storm
48700,Mount & Blade: Warband
466560,Northgard: Definitive Edition
275390,Guacamelee! Super Turbo Championship Edition
1364780,Street Fighter 6
1086940,Baldur's Gate 3
2021910,FPS Chess
239140,Dying Light
1446780,MONSTER HUNTER RISE
33930,Arma 2: Operation Arrowhead
207230,ArcheBlade
427730,Who's Your Daddy?!
72850,The Elder Scrolls V: Skyrim
